{
  "pu_accuracy": 0.9966666666666667,
  "pu_f1": 0.9966599866399466,
  "pu_auc": 0.9966711051930759,
  "pu_confusion": [
    [
      749,
      0
    ],
    [
      5,
      746
    ]
  ],
  "low_snr_pu_acc": 0.9948186528497409,
  "low_snr_pu_f1": 0.9882903981264637,
  "mod_accuracy": 0.24133333333333334,
  "mod_f1_macro": 0.17653184737658212,
  "mod_report": {
    "BPSK": {
      "precision": 0.6785714285714286,
      "recall": 0.047619047619047616,
      "f1-score": 0.08899297423887588,
      "support": 399.0
    },
    "QPSK": {
      "precision": 0.0,
      "recall": 0.0,
      "f1-score": 0.0,
      "support": 389.0
    },
    "8PSK": {
      "precision": 0.23516720604099245,
      "recall": 0.6193181818181818,
      "f1-score": 0.3408913213448006,
      "support": 352.0
    },
    "16QAM": {
      "precision": 0.22935779816513763,
      "recall": 0.3472222222222222,
      "f1-score": 0.27624309392265195,
      "support": 360.0
    },
    "accuracy": 0.24133333333333334,
    "macro avg": {
      "precision": 0.28577410819438964,
      "recall": 0.25353986291486286,
      "f1-score": 0.17653184737658212,
      "support": 1500.0
    },
    "weighted avg": {
      "precision": 0.2907317759105859,
      "recall": 0.24133333333333334,
      "f1-score": 0.16996630376455732,
      "support": 1500.0
    }
  },
  "snr_mae_db": 0.9181321859359741,
  "snr_rmse_db": 1.1593952178955078,
  "per_snr_bin_pu_acc": {
    "4": 0.9865229110512129,
    "6": 1.0,
    "8": 1.0,
    "10": 1.0,
    "12": 1.0,
    "14": 1.0,
    "16": 1.0,
    "18": 1.0,
    "20": 1.0
  },
  "n_samples": 1500
}